RunId,iteration,Step,num_voters,num_candidates,influence,Turnout Percentage,Plurality Winner,IRV Winner,Approval Winner,Borda Winner,Condorcet Winner,Borda Scores,Plurality Satisfaction,IRV Satisfaction,Approval Satisfaction,Borda Satisfaction,Condorcet Satisfaction,Plurality Distance,IRV Distance,Approval Distance,Borda Distance,Condorcet Distance,Avg Vote Buying Susceptibility,AgentID,Candidate Type,Candidate Propensity,Candidate Engaged in Vote Buying
0,0,1,1000,5,0.0,83.89999999999999,c2,c2,c2,c2,c2,"{'c0': 1681, 'c2': 2514, 'c4': 849, 'c3': 1144, 'c1': 2202}",0.7325267024837958,0.7325267024837958,0.7325267024837958,0.7325267024837958,0.7325267024837958,0.24378808392788967,0.24378808392788967,0.24378808392788967,0.24378808392788967,0.24378808392788967,0.0,c1,Conservative,0.7323719806355469,False
0,0,1,1000,5,0.0,83.89999999999999,c2,c2,c2,c2,c2,"{'c0': 1681, 'c2': 2514, 'c4': 849, 'c3': 1144, 'c1': 2202}",0.7325267024837958,0.7325267024837958,0.7325267024837958,0.7325267024837958,0.7325267024837958,0.24378808392788967,0.24378808392788967,0.24378808392788967,0.24378808392788967,0.24378808392788967,0.0,c4,Conservative,0.7480633390075142,False
0,0,1,1000,5,0.0,83.89999999999999,c2,c2,c2,c2,c2,"{'c0': 1681, 'c2': 2514, 'c4': 849, 'c3': 1144, 'c1': 2202}",0.7325267024837958,0.7325267024837958,0.7325267024837958,0.7325267024837958,0.7325267024837958,0.24378808392788967,0.24378808392788967,0.24378808392788967,0.24378808392788967,0.24378808392788967,0.0,c0,Progressive,0.1808744921716604,False
0,0,1,1000,5,0.0,83.89999999999999,c2,c2,c2,c2,c2,"{'c0': 1681, 'c2': 2514, 'c4': 849, 'c3': 1144, 'c1': 2202}",0.7325267024837958,0.7325267024837958,0.7325267024837958,0.7325267024837958,0.7325267024837958,0.24378808392788967,0.24378808392788967,0.24378808392788967,0.24378808392788967,0.24378808392788967,0.0,c2,Liberal,0.02204178373079997,False
0,0,1,1000,5,0.0,83.89999999999999,c2,c2,c2,c2,c2,"{'c0': 1681, 'c2': 2514, 'c4': 849, 'c3': 1144, 'c1': 2202}",0.7325267024837958,0.7325267024837958,0.7325267024837958,0.7325267024837958,0.7325267024837958,0.24378808392788967,0.24378808392788967,0.24378808392788967,0.24378808392788967,0.24378808392788967,0.0,c3,Progressive,0.0805974213022328,False
1,0,1,1000,5,0.5,82.69999999999999,c1,c1,c1,c2,c1,"{'c4': 1616, 'c1': 2501, 'c3': 387, 'c2': 2505, 'c0': 1261}",0.742408406734587,0.742408406734587,0.742408406734587,0.7244059411615162,0.742408406734587,0.2302896388367108,0.2302896388367108,0.2302896388367108,0.2560370915072592,0.2302896388367108,0.08271583124351897,c3,Conservative,0.5554424577270524,True
1,0,1,1000,5,0.5,82.69999999999999,c1,c1,c1,c2,c1,"{'c4': 1616, 'c1': 2501, 'c3': 387, 'c2': 2505, 'c0': 1261}",0.742408406734587,0.742408406734587,0.742408406734587,0.7244059411615162,0.742408406734587,0.2302896388367108,0.2302896388367108,0.2302896388367108,0.2560370915072592,0.2302896388367108,0.08271583124351897,c1,Liberal,0.14854590312305263,True
1,0,1,1000,5,0.5,82.69999999999999,c1,c1,c1,c2,c1,"{'c4': 1616, 'c1': 2501, 'c3': 387, 'c2': 2505, 'c0': 1261}",0.742408406734587,0.742408406734587,0.742408406734587,0.7244059411615162,0.742408406734587,0.2302896388367108,0.2302896388367108,0.2302896388367108,0.2560370915072592,0.2302896388367108,0.08271583124351897,c4,Conservative,0.7228330161079782,True
1,0,1,1000,5,0.5,82.69999999999999,c1,c1,c1,c2,c1,"{'c4': 1616, 'c1': 2501, 'c3': 387, 'c2': 2505, 'c0': 1261}",0.742408406734587,0.742408406734587,0.742408406734587,0.7244059411615162,0.742408406734587,0.2302896388367108,0.2302896388367108,0.2302896388367108,0.2560370915072592,0.2302896388367108,0.08271583124351897,c0,Populist,0.7803299934062814,True
1,0,1,1000,5,0.5,82.69999999999999,c1,c1,c1,c2,c1,"{'c4': 1616, 'c1': 2501, 'c3': 387, 'c2': 2505, 'c0': 1261}",0.742408406734587,0.742408406734587,0.742408406734587,0.7244059411615162,0.742408406734587,0.2302896388367108,0.2302896388367108,0.2302896388367108,0.2560370915072592,0.2302896388367108,0.08271583124351897,c2,Populist,0.5254466211026835,True
2,0,1,1000,5,1.0,85.39999999999999,c3,c3,c3,c3,c3,"{'c1': 1914, 'c4': 1991, 'c3': 2772, 'c2': 1045, 'c0': 818}",0.7625942578148536,0.7625942578148536,0.7625942578148536,0.7625942578148536,0.7625942578148536,0.19449955604983907,0.19449955604983907,0.19449955604983907,0.19449955604983907,0.19449955604983907,0.16657119379054178,c0,Progressive,0.07847758788541498,True
2,0,1,1000,5,1.0,85.39999999999999,c3,c3,c3,c3,c3,"{'c1': 1914, 'c4': 1991, 'c3': 2772, 'c2': 1045, 'c0': 818}",0.7625942578148536,0.7625942578148536,0.7625942578148536,0.7625942578148536,0.7625942578148536,0.19449955604983907,0.19449955604983907,0.19449955604983907,0.19449955604983907,0.19449955604983907,0.16657119379054178,c2,Conservative,0.6397909970207527,True
2,0,1,1000,5,1.0,85.39999999999999,c3,c3,c3,c3,c3,"{'c1': 1914, 'c4': 1991, 'c3': 2772, 'c2': 1045, 'c0': 818}",0.7625942578148536,0.7625942578148536,0.7625942578148536,0.7625942578148536,0.7625942578148536,0.19449955604983907,0.19449955604983907,0.19449955604983907,0.19449955604983907,0.19449955604983907,0.16657119379054178,c1,Populist,0.4349329460328788,True
2,0,1,1000,5,1.0,85.39999999999999,c3,c3,c3,c3,c3,"{'c1': 1914, 'c4': 1991, 'c3': 2772, 'c2': 1045, 'c0': 818}",0.7625942578148536,0.7625942578148536,0.7625942578148536,0.7625942578148536,0.7625942578148536,0.19449955604983907,0.19449955604983907,0.19449955604983907,0.19449955604983907,0.19449955604983907,0.16657119379054178,c4,Liberal,0.1194108580013788,True
2,0,1,1000,5,1.0,85.39999999999999,c3,c3,c3,c3,c3,"{'c1': 1914, 'c4': 1991, 'c3': 2772, 'c2': 1045, 'c0': 818}",0.7625942578148536,0.7625942578148536,0.7625942578148536,0.7625942578148536,0.7625942578148536,0.19449955604983907,0.19449955604983907,0.19449955604983907,0.19449955604983907,0.19449955604983907,0.16657119379054178,c3,Liberal,0.023738166483745604,False
3,0,1,1000,5,1.5,83.8,c3,c3,c3,c3,c3,"{'c2': 1267, 'c3': 2930, 'c0': 536, 'c4': 1842, 'c1': 1805}",0.7838972359976532,0.7838972359976532,0.7838972359976532,0.7838972359976532,0.7838972359976532,0.14976796922839905,0.14976796922839905,0.14976796922839905,0.14976796922839905,0.14976796922839905,0.24024638257319045,c1,Liberal,0.0661214974274366,True
3,0,1,1000,5,1.5,83.8,c3,c3,c3,c3,c3,"{'c2': 1267, 'c3': 2930, 'c0': 536, 'c4': 1842, 'c1': 1805}",0.7838972359976532,0.7838972359976532,0.7838972359976532,0.7838972359976532,0.7838972359976532,0.14976796922839905,0.14976796922839905,0.14976796922839905,0.14976796922839905,0.14976796922839905,0.24024638257319045,c4,Conservative,0.6491135854750827,True
3,0,1,1000,5,1.5,83.8,c3,c3,c3,c3,c3,"{'c2': 1267, 'c3': 2930, 'c0': 536, 'c4': 1842, 'c1': 1805}",0.7838972359976532,0.7838972359976532,0.7838972359976532,0.7838972359976532,0.7838972359976532,0.14976796922839905,0.14976796922839905,0.14976796922839905,0.14976796922839905,0.14976796922839905,0.24024638257319045,c2,Progressive,0.10375135369018632,True
3,0,1,1000,5,1.5,83.8,c3,c3,c3,c3,c3,"{'c2': 1267, 'c3': 2930, 'c0': 536, 'c4': 1842, 'c1': 1805}",0.7838972359976532,0.7838972359976532,0.7838972359976532,0.7838972359976532,0.7838972359976532,0.14976796922839905,0.14976796922839905,0.14976796922839905,0.14976796922839905,0.14976796922839905,0.24024638257319045,c0,Progressive,0.16349607131540586,True
3,0,1,1000,5,1.5,83.8,c3,c3,c3,c3,c3,"{'c2': 1267, 'c3': 2930, 'c0': 536, 'c4': 1842, 'c1': 1805}",0.7838972359976532,0.7838972359976532,0.7838972359976532,0.7838972359976532,0.7838972359976532,0.14976796922839905,0.14976796922839905,0.14976796922839905,0.14976796922839905,0.14976796922839905,0.24024638257319045,c3,Populist,0.6647162882298403,True
4,0,1,1000,5,2.0,84.2,c0,c0,c0,c0,c0,"{'c0': 2564, 'c4': 1012, 'c3': 1163, 'c1': 2038, 'c2': 1643}",0.7517334279558494,0.7517334279558494,0.7517334279558494,0.7517334279558494,0.7517334279558494,0.22159129294452187,0.22159129294452187,0.22159129294452187,0.22159129294452187,0.22159129294452187,0.31952628151734785,c3,Progressive,0.019365996546959564,True
4,0,1,1000,5,2.0,84.2,c0,c0,c0,c0,c0,"{'c0': 2564, 'c4': 1012, 'c3': 1163, 'c1': 2038, 'c2': 1643}",0.7517334279558494,0.7517334279558494,0.7517334279558494,0.7517334279558494,0.7517334279558494,0.22159129294452187,0.22159129294452187,0.22159129294452187,0.22159129294452187,0.22159129294452187,0.31952628151734785,c0,Liberal,0.19902926428016676,True
4,0,1,1000,5,2.0,84.2,c0,c0,c0,c0,c0,"{'c0': 2564, 'c4': 1012, 'c3': 1163, 'c1': 2038, 'c2': 1643}",0.7517334279558494,0.7517334279558494,0.7517334279558494,0.7517334279558494,0.7517334279558494,0.22159129294452187,0.22159129294452187,0.22159129294452187,0.22159129294452187,0.22159129294452187,0.31952628151734785,c2,Progressive,0.1173405568579426,True
4,0,1,1000,5,2.0,84.2,c0,c0,c0,c0,c0,"{'c0': 2564, 'c4': 1012, 'c3': 1163, 'c1': 2038, 'c2': 1643}",0.7517334279558494,0.7517334279558494,0.7517334279558494,0.7517334279558494,0.7517334279558494,0.22159129294452187,0.22159129294452187,0.22159129294452187,0.22159129294452187,0.22159129294452187,0.31952628151734785,c4,Populist,0.44734005245822295,True
4,0,1,1000,5,2.0,84.2,c0,c0,c0,c0,c0,"{'c0': 2564, 'c4': 1012, 'c3': 1163, 'c1': 2038, 'c2': 1643}",0.7517334279558494,0.7517334279558494,0.7517334279558494,0.7517334279558494,0.7517334279558494,0.22159129294452187,0.22159129294452187,0.22159129294452187,0.22159129294452187,0.22159129294452187,0.31952628151734785,c1,Populist,0.41889393324739876,True
5,1,1,1000,5,0.0,85.7,c1,c1,c1,c1,c1,"{'c4': 2480, 'c2': 623, 'c1': 2629, 'c3': 1271, 'c0': 1567}",0.7497159913975756,0.7497159913975756,0.7497159913975756,0.7497159913975756,0.7497159913975756,0.21317706894459704,0.21317706894459704,0.21317706894459704,0.21317706894459704,0.21317706894459704,0.0,c1,Liberal,0.1642213439893551,False
5,1,1,1000,5,0.0,85.7,c1,c1,c1,c1,c1,"{'c4': 2480, 'c2': 623, 'c1': 2629, 'c3': 1271, 'c0': 1567}",0.7497159913975756,0.7497159913975756,0.7497159913975756,0.7497159913975756,0.7497159913975756,0.21317706894459704,0.21317706894459704,0.21317706894459704,0.21317706894459704,0.21317706894459704,0.0,c0,Progressive,0.18824288159997765,False
5,1,1,1000,5,0.0,85.7,c1,c1,c1,c1,c1,"{'c4': 2480, 'c2': 623, 'c1': 2629, 'c3': 1271, 'c0': 1567}",0.7497159913975756,0.7497159913975756,0.7497159913975756,0.7497159913975756,0.7497159913975756,0.21317706894459704,0.21317706894459704,0.21317706894459704,0.21317706894459704,0.21317706894459704,0.0,c4,Populist,0.6052697470206589,False
5,1,1,1000,5,0.0,85.7,c1,c1,c1,c1,c1,"{'c4': 2480, 'c2': 623, 'c1': 2629, 'c3': 1271, 'c0': 1567}",0.7497159913975756,0.7497159913975756,0.7497159913975756,0.7497159913975756,0.7497159913975756,0.21317706894459704,0.21317706894459704,0.21317706894459704,0.21317706894459704,0.21317706894459704,0.0,c3,Conservative,0.6955691829542897,False
5,1,1,1000,5,0.0,85.7,c1,c1,c1,c1,c1,"{'c4': 2480, 'c2': 623, 'c1': 2629, 'c3': 1271, 'c0': 1567}",0.7497159913975756,0.7497159913975756,0.7497159913975756,0.7497159913975756,0.7497159913975756,0.21317706894459704,0.21317706894459704,0.21317706894459704,0.21317706894459704,0.21317706894459704,0.0,c2,Progressive,0.06241062201916965,False
6,1,1,1000,5,0.5,83.7,c3,c3,c3,c3,c3,"{'c1': 1075, 'c3': 2667, 'c2': 1955, 'c0': 2221, 'c4': 452}",0.7571976535313591,0.7571976535313591,0.7571976535313591,0.7571976535313591,0.7571976535313591,0.20213813897212785,0.20213813897212785,0.20213813897212785,0.20213813897212785,0.20213813897212785,0.08149426262946827,c4,Progressive,0.1083900492801845,True
6,1,1,1000,5,0.5,83.7,c3,c3,c3,c3,c3,"{'c1': 1075, 'c3': 2667, 'c2': 1955, 'c0': 2221, 'c4': 452}",0.7571976535313591,0.7571976535313591,0.7571976535313591,0.7571976535313591,0.7571976535313591,0.20213813897212785,0.20213813897212785,0.20213813897212785,0.20213813897212785,0.20213813897212785,0.08149426262946827,c3,Liberal,0.12229839260046878,True
6,1,1,1000,5,0.5,83.7,c3,c3,c3,c3,c3,"{'c1': 1075, 'c3': 2667, 'c2': 1955, 'c0': 2221, 'c4': 452}",0.7571976535313591,0.7571976535313591,0.7571976535313591,0.7571976535313591,0.7571976535313591,0.20213813897212785,0.20213813897212785,0.20213813897212785,0.20213813897212785,0.20213813897212785,0.08149426262946827,c1,Progressive,0.09659721243239759,True
6,1,1,1000,5,0.5,83.7,c3,c3,c3,c3,c3,"{'c1': 1075, 'c3': 2667, 'c2': 1955, 'c0': 2221, 'c4': 452}",0.7571976535313591,0.7571976535313591,0.7571976535313591,0.7571976535313591,0.7571976535313591,0.20213813897212785,0.20213813897212785,0.20213813897212785,0.20213813897212785,0.20213813897212785,0.08149426262946827,c2,Progressive,0.19997476908810488,True
6,1,1,1000,5,0.5,83.7,c3,c3,c3,c3,c3,"{'c1': 1075, 'c3': 2667, 'c2': 1955, 'c0': 2221, 'c4': 452}",0.7571976535313591,0.7571976535313591,0.7571976535313591,0.7571976535313591,0.7571976535313591,0.20213813897212785,0.20213813897212785,0.20213813897212785,0.20213813897212785,0.20213813897212785,0.08149426262946827,c0,Populist,0.596162443667609,True
7,1,1,1000,5,1.0,82.89999999999999,c4,c4,c4,c4,c4,"{'c0': 1097, 'c2': 1951, 'c4': 2439, 'c3': 1351, 'c1': 1452}",0.7674877218626908,0.7674877218626908,0.7674877218626908,0.7674877218626908,0.7674877218626908,0.18118158726825867,0.18118158726825867,0.18118158726825867,0.18118158726825867,0.18118158726825867,0.16351231596502194,c1,Populist,0.7548108237113687,True
7,1,1,1000,5,1.0,82.89999999999999,c4,c4,c4,c4,c4,"{'c0': 1097, 'c2': 1951, 'c4': 2439, 'c3': 1351, 'c1': 1452}",0.7674877218626908,0.7674877218626908,0.7674877218626908,0.7674877218626908,0.7674877218626908,0.18118158726825867,0.18118158726825867,0.18118158726825867,0.18118158726825867,0.18118158726825867,0.16351231596502194,c3,Progressive,0.19052742372220766,True
7,1,1,1000,5,1.0,82.89999999999999,c4,c4,c4,c4,c4,"{'c0': 1097, 'c2': 1951, 'c4': 2439, 'c3': 1351, 'c1': 1452}",0.7674877218626908,0.7674877218626908,0.7674877218626908,0.7674877218626908,0.7674877218626908,0.18118158726825867,0.18118158726825867,0.18118158726825867,0.18118158726825867,0.18118158726825867,0.16351231596502194,c4,Liberal,0.008947754726634605,True
7,1,1,1000,5,1.0,82.89999999999999,c4,c4,c4,c4,c4,"{'c0': 1097, 'c2': 1951, 'c4': 2439, 'c3': 1351, 'c1': 1452}",0.7674877218626908,0.7674877218626908,0.7674877218626908,0.7674877218626908,0.7674877218626908,0.18118158726825867,0.18118158726825867,0.18118158726825867,0.18118158726825867,0.18118158726825867,0.16351231596502194,c0,Populist,0.4159129722866233,True
7,1,1,1000,5,1.0,82.89999999999999,c4,c4,c4,c4,c4,"{'c0': 1097, 'c2': 1951, 'c4': 2439, 'c3': 1351, 'c1': 1452}",0.7674877218626908,0.7674877218626908,0.7674877218626908,0.7674877218626908,0.7674877218626908,0.18118158726825867,0.18118158726825867,0.18118158726825867,0.18118158726825867,0.18118158726825867,0.16351231596502194,c2,Conservative,0.576306426391588,True
8,1,1,1000,5,1.5,82.19999999999999,c3,c3,c3,c3,c3,"{'c1': 1057, 'c0': 2123, 'c2': 1525, 'c4': 1063, 'c3': 2452}",0.7308392724619593,0.7308392724619593,0.7308392724619593,0.7308392724619593,0.7308392724619593,0.24755406084461518,0.24755406084461518,0.24755406084461518,0.24755406084461518,0.24755406084461518,0.2498206286099359,c4,Conservative,0.7063521184526713,True
8,1,1,1000,5,1.5,82.19999999999999,c3,c3,c3,c3,c3,"{'c1': 1057, 'c0': 2123, 'c2': 1525, 'c4': 1063, 'c3': 2452}",0.7308392724619593,0.7308392724619593,0.7308392724619593,0.7308392724619593,0.7308392724619593,0.24755406084461518,0.24755406084461518,0.24755406084461518,0.24755406084461518,0.24755406084461518,0.2498206286099359,c2,Progressive,0.12483648765538663,True
8,1,1,1000,5,1.5,82.19999999999999,c3,c3,c3,c3,c3,"{'c1': 1057, 'c0': 2123, 'c2': 1525, 'c4': 1063, 'c3': 2452}",0.7308392724619593,0.7308392724619593,0.7308392724619593,0.7308392724619593,0.7308392724619593,0.24755406084461518,0.24755406084461518,0.24755406084461518,0.24755406084461518,0.24755406084461518,0.2498206286099359,c3,Liberal,0.07231632837524718,True
8,1,1,1000,5,1.5,82.19999999999999,c3,c3,c3,c3,c3,"{'c1': 1057, 'c0': 2123, 'c2': 1525, 'c4': 1063, 'c3': 2452}",0.7308392724619593,0.7308392724619593,0.7308392724619593,0.7308392724619593,0.7308392724619593,0.24755406084461518,0.24755406084461518,0.24755406084461518,0.24755406084461518,0.24755406084461518,0.2498206286099359,c1,Progressive,0.15800754247193563,True
8,1,1,1000,5,1.5,82.19999999999999,c3,c3,c3,c3,c3,"{'c1': 1057, 'c0': 2123, 'c2': 1525, 'c4': 1063, 'c3': 2452}",0.7308392724619593,0.7308392724619593,0.7308392724619593,0.7308392724619593,0.7308392724619593,0.24755406084461518,0.24755406084461518,0.24755406084461518,0.24755406084461518,0.24755406084461518,0.2498206286099359,c0,Liberal,0.09828874321521469,True
9,1,1,1000,5,2.0,84.1,c0,c0,c0,c0,c0,"{'c4': 937, 'c2': 983, 'c0': 2715, 'c1': 2221, 'c3': 1554}",0.7434700314115614,0.7434700314115614,0.7434700314115614,0.7434700314115614,0.7434700314115614,0.21586831419131455,0.21586831419131455,0.21586831419131455,0.21586831419131455,0.21586831419131455,0.3271656582184341,c0,Conservative,0.5409890068798845,True
9,1,1,1000,5,2.0,84.1,c0,c0,c0,c0,c0,"{'c4': 937, 'c2': 983, 'c0': 2715, 'c1': 2221, 'c3': 1554}",0.7434700314115614,0.7434700314115614,0.7434700314115614,0.7434700314115614,0.7434700314115614,0.21586831419131455,0.21586831419131455,0.21586831419131455,0.21586831419131455,0.21586831419131455,0.3271656582184341,c1,Populist,0.771318452117559,True
9,1,1,1000,5,2.0,84.1,c0,c0,c0,c0,c0,"{'c4': 937, 'c2': 983, 'c0': 2715, 'c1': 2221, 'c3': 1554}",0.7434700314115614,0.7434700314115614,0.7434700314115614,0.7434700314115614,0.7434700314115614,0.21586831419131455,0.21586831419131455,0.21586831419131455,0.21586831419131455,0.21586831419131455,0.3271656582184341,c2,Conservative,0.5074232534698024,True
9,1,1,1000,5,2.0,84.1,c0,c0,c0,c0,c0,"{'c4': 937, 'c2': 983, 'c0': 2715, 'c1': 2221, 'c3': 1554}",0.7434700314115614,0.7434700314115614,0.7434700314115614,0.7434700314115614,0.7434700314115614,0.21586831419131455,0.21586831419131455,0.21586831419131455,0.21586831419131455,0.21586831419131455,0.3271656582184341,c4,Conservative,0.512270559257876,True
9,1,1,1000,5,2.0,84.1,c0,c0,c0,c0,c0,"{'c4': 937, 'c2': 983, 'c0': 2715, 'c1': 2221, 'c3': 1554}",0.7434700314115614,0.7434700314115614,0.7434700314115614,0.7434700314115614,0.7434700314115614,0.21586831419131455,0.21586831419131455,0.21586831419131455,0.21586831419131455,0.21586831419131455,0.3271656582184341,c3,Progressive,0.004695241119210137,True
10,2,1,1000,5,0.0,81.2,c2,c2,c2,c2,c2,"{'c1': 1199, 'c2': 2464, 'c0': 1105, 'c4': 2196, 'c3': 1156}",0.7235467905318688,0.7235467905318688,0.7235467905318688,0.7235467905318688,0.7235467905318688,0.256447730320467,0.256447730320467,0.256447730320467,0.256447730320467,0.256447730320467,0.0,c3,Conservative,0.5568346424003292,False
10,2,1,1000,5,0.0,81.2,c2,c2,c2,c2,c2,"{'c1': 1199, 'c2': 2464, 'c0': 1105, 'c4': 2196, 'c3': 1156}",0.7235467905318688,0.7235467905318688,0.7235467905318688,0.7235467905318688,0.7235467905318688,0.256447730320467,0.256447730320467,0.256447730320467,0.256447730320467,0.256447730320467,0.0,c4,Populist,0.6052722397896506,False
10,2,1,1000,5,0.0,81.2,c2,c2,c2,c2,c2,"{'c1': 1199, 'c2': 2464, 'c0': 1105, 'c4': 2196, 'c3': 1156}",0.7235467905318688,0.7235467905318688,0.7235467905318688,0.7235467905318688,0.7235467905318688,0.256447730320467,0.256447730320467,0.256447730320467,0.256447730320467,0.256447730320467,0.0,c0,Progressive,0.029395336666306074,False
10,2,1,1000,5,0.0,81.2,c2,c2,c2,c2,c2,"{'c1': 1199, 'c2': 2464, 'c0': 1105, 'c4': 2196, 'c3': 1156}",0.7235467905318688,0.7235467905318688,0.7235467905318688,0.7235467905318688,0.7235467905318688,0.256447730320467,0.256447730320467,0.256447730320467,0.256447730320467,0.256447730320467,0.0,c1,Conservative,0.587728345255703,False
10,2,1,1000,5,0.0,81.2,c2,c2,c2,c2,c2,"{'c1': 1199, 'c2': 2464, 'c0': 1105, 'c4': 2196, 'c3': 1156}",0.7235467905318688,0.7235467905318688,0.7235467905318688,0.7235467905318688,0.7235467905318688,0.256447730320467,0.256447730320467,0.256447730320467,0.256447730320467,0.256447730320467,0.0,c2,Populist,0.4973839178240629,False
11,2,1,1000,5,0.5,85.3,c0,c0,c0,c3,c0,"{'c1': 1575, 'c0': 2082, 'c3': 2124, 'c2': 1293, 'c4': 1456}",0.7348775978590278,0.7348775978590278,0.7348775978590278,0.7337059450375877,0.7348775978590278,0.23808696085974126,0.23808696085974126,0.23808696085974126,0.2393166336401635,0.23808696085974126,0.08245258004690467,c2,Conservative,0.6164531649799236,True
11,2,1,1000,5,0.5,85.3,c0,c0,c0,c3,c0,"{'c1': 1575, 'c0': 2082, 'c3': 2124, 'c2': 1293, 'c4': 1456}",0.7348775978590278,0.7348775978590278,0.7348775978590278,0.7337059450375877,0.7348775978590278,0.23808696085974126,0.23808696085974126,0.23808696085974126,0.2393166336401635,0.23808696085974126,0.08245258004690467,c1,Liberal,0.17158721051847572,True
11,2,1,1000,5,0.5,85.3,c0,c0,c0,c3,c0,"{'c1': 1575, 'c0': 2082, 'c3': 2124, 'c2': 1293, 'c4': 1456}",0.7348775978590278,0.7348775978590278,0.7348775978590278,0.7337059450375877,0.7348775978590278,0.23808696085974126,0.23808696085974126,0.23808696085974126,0.2393166336401635,0.23808696085974126,0.08245258004690467,c4,Populist,0.45061347596541834,True
11,2,1,1000,5,0.5,85.3,c0,c0,c0,c3,c0,"{'c1': 1575, 'c0': 2082, 'c3': 2124, 'c2': 1293, 'c4': 1456}",0.7348775978590278,0.7348775978590278,0.7348775978590278,0.7337059450375877,0.7348775978590278,0.23808696085974126,0.23808696085974126,0.23808696085974126,0.2393166336401635,0.23808696085974126,0.08245258004690467,c3,Populist,0.5692953110949783,True
11,2,1,1000,5,0.5,85.3,c0,c0,c0,c3,c0,"{'c1': 1575, 'c0': 2082, 'c3': 2124, 'c2': 1293, 'c4': 1456}",0.7348775978590278,0.7348775978590278,0.7348775978590278,0.7337059450375877,0.7348775978590278,0.23808696085974126,0.23808696085974126,0.23808696085974126,0.2393166336401635,0.23808696085974126,0.08245258004690467,c0,Liberal,0.1736205803804965,True
12,2,1,1000,5,1.0,83.3,c2,c2,c2,c2,c2,"{'c2': 2474, 'c0': 1979, 'c1': 576, 'c3': 1268, 'c4': 2033}",0.7585199058193605,0.7585199058193605,0.7585199058193605,0.7585199058193605,0.7585199058193605,0.2074820026988051,0.2074820026988051,0.2074820026988051,0.2074820026988051,0.2074820026988051,0.15914487300762034,c3,Conservative,0.5552048172458729,True
12,2,1,1000,5,1.0,83.3,c2,c2,c2,c2,c2,"{'c2': 2474, 'c0': 1979, 'c1': 576, 'c3': 1268, 'c4': 2033}",0.7585199058193605,0.7585199058193605,0.7585199058193605,0.7585199058193605,0.7585199058193605,0.2074820026988051,0.2074820026988051,0.2074820026988051,0.2074820026988051,0.2074820026988051,0.15914487300762034,c2,Liberal,0.13894325530657528,True
12,2,1,1000,5,1.0,83.3,c2,c2,c2,c2,c2,"{'c2': 2474, 'c0': 1979, 'c1': 576, 'c3': 1268, 'c4': 2033}",0.7585199058193605,0.7585199058193605,0.7585199058193605,0.7585199058193605,0.7585199058193605,0.2074820026988051,0.2074820026988051,0.2074820026988051,0.2074820026988051,0.2074820026988051,0.15914487300762034,c4,Populist,0.6789785302503915,True
12,2,1,1000,5,1.0,83.3,c2,c2,c2,c2,c2,"{'c2': 2474, 'c0': 1979, 'c1': 576, 'c3': 1268, 'c4': 2033}",0.7585199058193605,0.7585199058193605,0.7585199058193605,0.7585199058193605,0.7585199058193605,0.2074820026988051,0.2074820026988051,0.2074820026988051,0.2074820026988051,0.2074820026988051,0.15914487300762034,c0,Liberal,0.03856279744801203,True
12,2,1,1000,5,1.0,83.3,c2,c2,c2,c2,c2,"{'c2': 2474, 'c0': 1979, 'c1': 576, 'c3': 1268, 'c4': 2033}",0.7585199058193605,0.7585199058193605,0.7585199058193605,0.7585199058193605,0.7585199058193605,0.2074820026988051,0.2074820026988051,0.2074820026988051,0.2074820026988051,0.2074820026988051,0.15914487300762034,c1,Progressive,0.02176131373433983,True
13,2,1,1000,5,1.5,84.2,c1,c2,c2,c2,c2,"{'c0': 390, 'c1': 1797, 'c4': 1759, 'c2': 2413, 'c3': 2061}",0.7020826880177101,0.7154080708906068,0.7154080708906068,0.7154080708906068,0.7154080708906068,0.2893203067195904,0.2653384216088613,0.2653384216088613,0.2653384216088613,0.2653384216088613,0.24768657389634965,c2,Conservative,0.45508117105008306,True
13,2,1,1000,5,1.5,84.2,c1,c2,c2,c2,c2,"{'c0': 390, 'c1': 1797, 'c4': 1759, 'c2': 2413, 'c3': 2061}",0.7020826880177101,0.7154080708906068,0.7154080708906068,0.7154080708906068,0.7154080708906068,0.2893203067195904,0.2653384216088613,0.2653384216088613,0.2653384216088613,0.2653384216088613,0.24768657389634965,c0,Conservative,0.42568941119189563,True
13,2,1,1000,5,1.5,84.2,c1,c2,c2,c2,c2,"{'c0': 390, 'c1': 1797, 'c4': 1759, 'c2': 2413, 'c3': 2061}",0.7020826880177101,0.7154080708906068,0.7154080708906068,0.7154080708906068,0.7154080708906068,0.2893203067195904,0.2653384216088613,0.2653384216088613,0.2653384216088613,0.2653384216088613,0.24768657389634965,c3,Conservative,0.4945454659908035,True
13,2,1,1000,5,1.5,84.2,c1,c2,c2,c2,c2,"{'c0': 390, 'c1': 1797, 'c4': 1759, 'c2': 2413, 'c3': 2061}",0.7020826880177101,0.7154080708906068,0.7154080708906068,0.7154080708906068,0.7154080708906068,0.2893203067195904,0.2653384216088613,0.2653384216088613,0.2653384216088613,0.2653384216088613,0.24768657389634965,c1,Liberal,0.029102023588920934,True
13,2,1,1000,5,1.5,84.2,c1,c2,c2,c2,c2,"{'c0': 390, 'c1': 1797, 'c4': 1759, 'c2': 2413, 'c3': 2061}",0.7020826880177101,0.7154080708906068,0.7154080708906068,0.7154080708906068,0.7154080708906068,0.2893203067195904,0.2653384216088613,0.2653384216088613,0.2653384216088613,0.2653384216088613,0.24768657389634965,c4,Conservative,0.5383860130687749,True
14,2,1,1000,5,2.0,82.89999999999999,c2,c2,c2,c2,c2,"{'c1': 1667, 'c2': 2288, 'c3': 2102, 'c4': 1401, 'c0': 832}",0.7306930309555996,0.7306930309555996,0.7306930309555996,0.7306930309555996,0.7306930309555996,0.24629652164548768,0.24629652164548768,0.24629652164548768,0.24629652164548768,0.24629652164548768,0.3221333430931821,c1,Progressive,0.040211157879369824,True
14,2,1,1000,5,2.0,82.89999999999999,c2,c2,c2,c2,c2,"{'c1': 1667, 'c2': 2288, 'c3': 2102, 'c4': 1401, 'c0': 832}",0.7306930309555996,0.7306930309555996,0.7306930309555996,0.7306930309555996,0.7306930309555996,0.24629652164548768,0.24629652164548768,0.24629652164548768,0.24629652164548768,0.24629652164548768,0.3221333430931821,c0,Progressive,0.002249779516957107,False
14,2,1,1000,5,2.0,82.89999999999999,c2,c2,c2,c2,c2,"{'c1': 1667, 'c2': 2288, 'c3': 2102, 'c4': 1401, 'c0': 832}",0.7306930309555996,0.7306930309555996,0.7306930309555996,0.7306930309555996,0.7306930309555996,0.24629652164548768,0.24629652164548768,0.24629652164548768,0.24629652164548768,0.24629652164548768,0.3221333430931821,c3,Populist,0.44780004560213177,True
14,2,1,1000,5,2.0,82.89999999999999,c2,c2,c2,c2,c2,"{'c1': 1667, 'c2': 2288, 'c3': 2102, 'c4': 1401, 'c0': 832}",0.7306930309555996,0.7306930309555996,0.7306930309555996,0.7306930309555996,0.7306930309555996,0.24629652164548768,0.24629652164548768,0.24629652164548768,0.24629652164548768,0.24629652164548768,0.3221333430931821,c2,Liberal,0.013845484556789757,True
14,2,1,1000,5,2.0,82.89999999999999,c2,c2,c2,c2,c2,"{'c1': 1667, 'c2': 2288, 'c3': 2102, 'c4': 1401, 'c0': 832}",0.7306930309555996,0.7306930309555996,0.7306930309555996,0.7306930309555996,0.7306930309555996,0.24629652164548768,0.24629652164548768,0.24629652164548768,0.24629652164548768,0.24629652164548768,0.3221333430931821,c4,Conservative,0.7151691866053351,True
15,3,1,1000,5,0.0,83.2,c4,c4,c4,c1,c4,"{'c2': 501, 'c3': 1643, 'c4': 2262, 'c0': 1567, 'c1': 2347}",0.7253344617401669,0.7253344617401669,0.7253344617401669,0.7213737575226595,0.7253344617401669,0.25500506277243246,0.25500506277243246,0.25500506277243246,0.2627707694574738,0.25500506277243246,0.0,c3,Conservative,0.47425442387327243,False
15,3,1,1000,5,0.0,83.2,c4,c4,c4,c1,c4,"{'c2': 501, 'c3': 1643, 'c4': 2262, 'c0': 1567, 'c1': 2347}",0.7253344617401669,0.7253344617401669,0.7253344617401669,0.7213737575226595,0.7253344617401669,0.25500506277243246,0.25500506277243246,0.25500506277243246,0.2627707694574738,0.25500506277243246,0.0,c1,Conservative,0.7248679626707139,False
15,3,1,1000,5,0.0,83.2,c4,c4,c4,c1,c4,"{'c2': 501, 'c3': 1643, 'c4': 2262, 'c0': 1567, 'c1': 2347}",0.7253344617401669,0.7253344617401669,0.7253344617401669,0.7213737575226595,0.7253344617401669,0.25500506277243246,0.25500506277243246,0.25500506277243246,0.2627707694574738,0.25500506277243246,0.0,c0,Progressive,0.024743322057312535,False
15,3,1,1000,5,0.0,83.2,c4,c4,c4,c1,c4,"{'c2': 501, 'c3': 1643, 'c4': 2262, 'c0': 1567, 'c1': 2347}",0.7253344617401669,0.7253344617401669,0.7253344617401669,0.7213737575226595,0.7253344617401669,0.25500506277243246,0.25500506277243246,0.25500506277243246,0.2627707694574738,0.25500506277243246,0.0,c4,Liberal,0.0232568962300868,False
15,3,1,1000,5,0.0,83.2,c4,c4,c4,c1,c4,"{'c2': 501, 'c3': 1643, 'c4': 2262, 'c0': 1567, 'c1': 2347}",0.7253344617401669,0.7253344617401669,0.7253344617401669,0.7213737575226595,0.7253344617401669,0.25500506277243246,0.25500506277243246,0.25500506277243246,0.2627707694574738,0.25500506277243246,0.0,c2,Conservative,0.4386833045382044,False
16,3,1,1000,5,0.5,80.80000000000001,c3,c3,c3,c3,c3,"{'c4': 1311, 'c2': 1778, 'c1': 1193, 'c0': 1195, 'c3': 2603}",0.7381017090847501,0.7381017090847501,0.7381017090847501,0.7381017090847501,0.7381017090847501,0.23016273812040786,0.23016273812040786,0.23016273812040786,0.23016273812040786,0.23016273812040786,0.0813525277439114,c2,Progressive,0.16630291498640076,True
16,3,1,1000,5,0.5,80.80000000000001,c3,c3,c3,c3,c3,"{'c4': 1311, 'c2': 1778, 'c1': 1193, 'c0': 1195, 'c3': 2603}",0.7381017090847501,0.7381017090847501,0.7381017090847501,0.7381017090847501,0.7381017090847501,0.23016273812040786,0.23016273812040786,0.23016273812040786,0.23016273812040786,0.23016273812040786,0.0813525277439114,c4,Conservative,0.5236011179739425,True
16,3,1,1000,5,0.5,80.80000000000001,c3,c3,c3,c3,c3,"{'c4': 1311, 'c2': 1778, 'c1': 1193, 'c0': 1195, 'c3': 2603}",0.7381017090847501,0.7381017090847501,0.7381017090847501,0.7381017090847501,0.7381017090847501,0.23016273812040786,0.23016273812040786,0.23016273812040786,0.23016273812040786,0.23016273812040786,0.0813525277439114,c0,Conservative,0.5170609774770616,True
16,3,1,1000,5,0.5,80.80000000000001,c3,c3,c3,c3,c3,"{'c4': 1311, 'c2': 1778, 'c1': 1193, 'c0': 1195, 'c3': 2603}",0.7381017090847501,0.7381017090847501,0.7381017090847501,0.7381017090847501,0.7381017090847501,0.23016273812040786,0.23016273812040786,0.23016273812040786,0.23016273812040786,0.23016273812040786,0.0813525277439114,c3,Liberal,0.19440694777848083,True
16,3,1,1000,5,0.5,80.80000000000001,c3,c3,c3,c3,c3,"{'c4': 1311, 'c2': 1778, 'c1': 1193, 'c0': 1195, 'c3': 2603}",0.7381017090847501,0.7381017090847501,0.7381017090847501,0.7381017090847501,0.7381017090847501,0.23016273812040786,0.23016273812040786,0.23016273812040786,0.23016273812040786,0.23016273812040786,0.0813525277439114,c1,Progressive,0.1070834463301239,True
17,3,1,1000,5,1.0,82.8,c3,c3,c3,c3,c3,"{'c4': 1831, 'c2': 1066, 'c3': 2287, 'c1': 1028, 'c0': 2068}",0.7564678597729535,0.7564678597729535,0.7564678597729535,0.7564678597729535,0.7564678597729535,0.1927934180549067,0.1927934180549067,0.1927934180549067,0.1927934180549067,0.1927934180549067,0.16519817557949787,c4,Liberal,0.06476524414651622,True
17,3,1,1000,5,1.0,82.8,c3,c3,c3,c3,c3,"{'c4': 1831, 'c2': 1066, 'c3': 2287, 'c1': 1028, 'c0': 2068}",0.7564678597729535,0.7564678597729535,0.7564678597729535,0.7564678597729535,0.7564678597729535,0.1927934180549067,0.1927934180549067,0.1927934180549067,0.1927934180549067,0.1927934180549067,0.16519817557949787,c1,Conservative,0.684037725887102,True
17,3,1,1000,5,1.0,82.8,c3,c3,c3,c3,c3,"{'c4': 1831, 'c2': 1066, 'c3': 2287, 'c1': 1028, 'c0': 2068}",0.7564678597729535,0.7564678597729535,0.7564678597729535,0.7564678597729535,0.7564678597729535,0.1927934180549067,0.1927934180549067,0.1927934180549067,0.1927934180549067,0.1927934180549067,0.16519817557949787,c2,Progressive,0.13137993945145116,True
17,3,1,1000,5,1.0,82.8,c3,c3,c3,c3,c3,"{'c4': 1831, 'c2': 1066, 'c3': 2287, 'c1': 1028, 'c0': 2068}",0.7564678597729535,0.7564678597729535,0.7564678597729535,0.7564678597729535,0.7564678597729535,0.1927934180549067,0.1927934180549067,0.1927934180549067,0.1927934180549067,0.1927934180549067,0.16519817557949787,c3,Populist,0.48685366621212633,True
17,3,1,1000,5,1.0,82.8,c3,c3,c3,c3,c3,"{'c4': 1831, 'c2': 1066, 'c3': 2287, 'c1': 1028, 'c0': 2068}",0.7564678597729535,0.7564678597729535,0.7564678597729535,0.7564678597729535,0.7564678597729535,0.1927934180549067,0.1927934180549067,0.1927934180549067,0.1927934180549067,0.1927934180549067,0.16519817557949787,c0,Liberal,0.11187480995253317,True
18,3,1,1000,5,1.5,83.2,c0,c0,c0,c0,c0,"{'c4': 871, 'c2': 1885, 'c3': 1992, 'c1': 1392, 'c0': 2180}",0.7304514652038449,0.7304514652038449,0.7304514652038449,0.7304514652038449,0.7304514652038449,0.2443009752546286,0.2443009752546286,0.2443009752546286,0.2443009752546286,0.2443009752546286,0.24636785755760035,c0,Liberal,0.08544963715183798,True
18,3,1,1000,5,1.5,83.2,c0,c0,c0,c0,c0,"{'c4': 871, 'c2': 1885, 'c3': 1992, 'c1': 1392, 'c0': 2180}",0.7304514652038449,0.7304514652038449,0.7304514652038449,0.7304514652038449,0.7304514652038449,0.2443009752546286,0.2443009752546286,0.2443009752546286,0.2443009752546286,0.2443009752546286,0.24636785755760035,c2,Conservative,0.5742563406746981,True
18,3,1,1000,5,1.5,83.2,c0,c0,c0,c0,c0,"{'c4': 871, 'c2': 1885, 'c3': 1992, 'c1': 1392, 'c0': 2180}",0.7304514652038449,0.7304514652038449,0.7304514652038449,0.7304514652038449,0.7304514652038449,0.2443009752546286,0.2443009752546286,0.2443009752546286,0.2443009752546286,0.2443009752546286,0.24636785755760035,c1,Populist,0.7733921472450223,True
18,3,1,1000,5,1.5,83.2,c0,c0,c0,c0,c0,"{'c4': 871, 'c2': 1885, 'c3': 1992, 'c1': 1392, 'c0': 2180}",0.7304514652038449,0.7304514652038449,0.7304514652038449,0.7304514652038449,0.7304514652038449,0.2443009752546286,0.2443009752546286,0.2443009752546286,0.2443009752546286,0.2443009752546286,0.24636785755760035,c4,Conservative,0.48669406261926684,True
18,3,1,1000,5,1.5,83.2,c0,c0,c0,c0,c0,"{'c4': 871, 'c2': 1885, 'c3': 1992, 'c1': 1392, 'c0': 2180}",0.7304514652038449,0.7304514652038449,0.7304514652038449,0.7304514652038449,0.7304514652038449,0.2443009752546286,0.2443009752546286,0.2443009752546286,0.2443009752546286,0.2443009752546286,0.24636785755760035,c3,Conservative,0.4993179272981465,True
19,3,1,1000,5,2.0,82.0,c3,c3,c3,c3,c3,"{'c3': 2644, 'c4': 682, 'c1': 1258, 'c0': 1649, 'c2': 1967}",0.7497110737320561,0.7497110737320561,0.7497110737320561,0.7497110737320561,0.7497110737320561,0.20422380912581795,0.20422380912581795,0.20422380912581795,0.20422380912581795,0.20422380912581795,0.32682860897166566,c1,Progressive,0.08562414092837367,True
19,3,1,1000,5,2.0,82.0,c3,c3,c3,c3,c3,"{'c3': 2644, 'c4': 682, 'c1': 1258, 'c0': 1649, 'c2': 1967}",0.7497110737320561,0.7497110737320561,0.7497110737320561,0.7497110737320561,0.7497110737320561,0.20422380912581795,0.20422380912581795,0.20422380912581795,0.20422380912581795,0.20422380912581795,0.32682860897166566,c3,Conservative,0.7820984537685348,True
19,3,1,1000,5,2.0,82.0,c3,c3,c3,c3,c3,"{'c3': 2644, 'c4': 682, 'c1': 1258, 'c0': 1649, 'c2': 1967}",0.7497110737320561,0.7497110737320561,0.7497110737320561,0.7497110737320561,0.7497110737320561,0.20422380912581795,0.20422380912581795,0.20422380912581795,0.20422380912581795,0.20422380912581795,0.32682860897166566,c2,Progressive,0.19696923887895565,True
19,3,1,1000,5,2.0,82.0,c3,c3,c3,c3,c3,"{'c3': 2644, 'c4': 682, 'c1': 1258, 'c0': 1649, 'c2': 1967}",0.7497110737320561,0.7497110737320561,0.7497110737320561,0.7497110737320561,0.7497110737320561,0.20422380912581795,0.20422380912581795,0.20422380912581795,0.20422380912581795,0.20422380912581795,0.32682860897166566,c0,Progressive,0.1734638536896817,True
19,3,1,1000,5,2.0,82.0,c3,c3,c3,c3,c3,"{'c3': 2644, 'c4': 682, 'c1': 1258, 'c0': 1649, 'c2': 1967}",0.7497110737320561,0.7497110737320561,0.7497110737320561,0.7497110737320561,0.7497110737320561,0.20422380912581795,0.20422380912581795,0.20422380912581795,0.20422380912581795,0.20422380912581795,0.32682860897166566,c4,Conservative,0.6963462784885256,True
20,4,1,1000,5,0.0,80.0,c2,c2,c2,c2,c2,"{'c0': 499, 'c4': 1705, 'c2': 2414, 'c1': 1679, 'c3': 1703}",0.7401913938365268,0.7401913938365268,0.7401913938365268,0.7401913938365268,0.7401913938365268,0.23901160216949477,0.23901160216949477,0.23901160216949477,0.23901160216949477,0.23901160216949477,0.0,c2,Liberal,0.04285639889815225,False
20,4,1,1000,5,0.0,80.0,c2,c2,c2,c2,c2,"{'c0': 499, 'c4': 1705, 'c2': 2414, 'c1': 1679, 'c3': 1703}",0.7401913938365268,0.7401913938365268,0.7401913938365268,0.7401913938365268,0.7401913938365268,0.23901160216949477,0.23901160216949477,0.23901160216949477,0.23901160216949477,0.23901160216949477,0.0,c4,Progressive,0.07207504992286572,False
20,4,1,1000,5,0.0,80.0,c2,c2,c2,c2,c2,"{'c0': 499, 'c4': 1705, 'c2': 2414, 'c1': 1679, 'c3': 1703}",0.7401913938365268,0.7401913938365268,0.7401913938365268,0.7401913938365268,0.7401913938365268,0.23901160216949477,0.23901160216949477,0.23901160216949477,0.23901160216949477,0.23901160216949477,0.0,c1,Conservative,0.6552507276283814,False
20,4,1,1000,5,0.0,80.0,c2,c2,c2,c2,c2,"{'c0': 499, 'c4': 1705, 'c2': 2414, 'c1': 1679, 'c3': 1703}",0.7401913938365268,0.7401913938365268,0.7401913938365268,0.7401913938365268,0.7401913938365268,0.23901160216949477,0.23901160216949477,0.23901160216949477,0.23901160216949477,0.23901160216949477,0.0,c0,Progressive,0.1377950113330167,False
20,4,1,1000,5,0.0,80.0,c2,c2,c2,c2,c2,"{'c0': 499, 'c4': 1705, 'c2': 2414, 'c1': 1679, 'c3': 1703}",0.7401913938365268,0.7401913938365268,0.7401913938365268,0.7401913938365268,0.7401913938365268,0.23901160216949477,0.23901160216949477,0.23901160216949477,0.23901160216949477,0.23901160216949477,0.0,c3,Progressive,0.06550652700266439,False
21,4,1,1000,5,0.5,81.89999999999999,c1,c1,c1,c1,c1,"{'c4': 816, 'c2': 2174, 'c3': 2083, 'c1': 2343, 'c0': 774}",0.7513972953532453,0.7513972953532453,0.7513972953532453,0.7513972953532453,0.7513972953532453,0.1999970076448534,0.1999970076448534,0.1999970076448534,0.1999970076448534,0.1999970076448534,0.08408143091514676,c4,Progressive,0.04934948604842748,True
21,4,1,1000,5,0.5,81.89999999999999,c1,c1,c1,c1,c1,"{'c4': 816, 'c2': 2174, 'c3': 2083, 'c1': 2343, 'c0': 774}",0.7513972953532453,0.7513972953532453,0.7513972953532453,0.7513972953532453,0.7513972953532453,0.1999970076448534,0.1999970076448534,0.1999970076448534,0.1999970076448534,0.1999970076448534,0.08408143091514676,c2,Liberal,0.01492257208145531,True
21,4,1,1000,5,0.5,81.89999999999999,c1,c1,c1,c1,c1,"{'c4': 816, 'c2': 2174, 'c3': 2083, 'c1': 2343, 'c0': 774}",0.7513972953532453,0.7513972953532453,0.7513972953532453,0.7513972953532453,0.7513972953532453,0.1999970076448534,0.1999970076448534,0.1999970076448534,0.1999970076448534,0.1999970076448534,0.08408143091514676,c3,Populist,0.7031343745361778,True
21,4,1,1000,5,0.5,81.89999999999999,c1,c1,c1,c1,c1,"{'c4': 816, 'c2': 2174, 'c3': 2083, 'c1': 2343, 'c0': 774}",0.7513972953532453,0.7513972953532453,0.7513972953532453,0.7513972953532453,0.7513972953532453,0.1999970076448534,0.1999970076448534,0.1999970076448534,0.1999970076448534,0.1999970076448534,0.08408143091514676,c0,Conservative,0.6192357110962478,True
21,4,1,1000,5,0.5,81.89999999999999,c1,c1,c1,c1,c1,"{'c4': 816, 'c2': 2174, 'c3': 2083, 'c1': 2343, 'c0': 774}",0.7513972953532453,0.7513972953532453,0.7513972953532453,0.7513972953532453,0.7513972953532453,0.1999970076448534,0.1999970076448534,0.1999970076448534,0.1999970076448534,0.1999970076448534,0.08408143091514676,c1,Conservative,0.4476583554961261,True
22,4,1,1000,5,1.0,84.6,c0,c0,c0,c0,c0,"{'c0': 2687, 'c1': 1566, 'c2': 1783, 'c4': 1261, 'c3': 1163}",0.7404926629558694,0.7404926629558694,0.7404926629558694,0.7404926629558694,0.7404926629558694,0.23102648737350429,0.23102648737350429,0.23102648737350429,0.23102648737350429,0.23102648737350429,0.16590040905039535,c4,Conservative,0.7337917536216053,True
22,4,1,1000,5,1.0,84.6,c0,c0,c0,c0,c0,"{'c0': 2687, 'c1': 1566, 'c2': 1783, 'c4': 1261, 'c3': 1163}",0.7404926629558694,0.7404926629558694,0.7404926629558694,0.7404926629558694,0.7404926629558694,0.23102648737350429,0.23102648737350429,0.23102648737350429,0.23102648737350429,0.23102648737350429,0.16590040905039535,c2,Progressive,0.059819957547257774,True
22,4,1,1000,5,1.0,84.6,c0,c0,c0,c0,c0,"{'c0': 2687, 'c1': 1566, 'c2': 1783, 'c4': 1261, 'c3': 1163}",0.7404926629558694,0.7404926629558694,0.7404926629558694,0.7404926629558694,0.7404926629558694,0.23102648737350429,0.23102648737350429,0.23102648737350429,0.23102648737350429,0.23102648737350429,0.16590040905039535,c1,Populist,0.41339668765856696,True
22,4,1,1000,5,1.0,84.6,c0,c0,c0,c0,c0,"{'c0': 2687, 'c1': 1566, 'c2': 1783, 'c4': 1261, 'c3': 1163}",0.7404926629558694,0.7404926629558694,0.7404926629558694,0.7404926629558694,0.7404926629558694,0.23102648737350429,0.23102648737350429,0.23102648737350429,0.23102648737350429,0.23102648737350429,0.16590040905039535,c0,Populist,0.7675587913367029,True
22,4,1,1000,5,1.0,84.6,c0,c0,c0,c0,c0,"{'c0': 2687, 'c1': 1566, 'c2': 1783, 'c4': 1261, 'c3': 1163}",0.7404926629558694,0.7404926629558694,0.7404926629558694,0.7404926629558694,0.7404926629558694,0.23102648737350429,0.23102648737350429,0.23102648737350429,0.23102648737350429,0.23102648737350429,0.16590040905039535,c3,Populist,0.6162997426635506,True
23,4,1,1000,5,1.5,83.1,c0,c0,c0,c3,c0,"{'c3': 2254, 'c0': 2252, 'c4': 1165, 'c2': 1074, 'c1': 1565}",0.7304050145347605,0.7304050145347605,0.7304050145347605,0.7240030254326104,0.7304050145347605,0.2428782684165998,0.2428782684165998,0.2428782684165998,0.2599201662377528,0.2428782684165998,0.24112302537225502,c0,Populist,0.6142856517336378,True
23,4,1,1000,5,1.5,83.1,c0,c0,c0,c3,c0,"{'c3': 2254, 'c0': 2252, 'c4': 1165, 'c2': 1074, 'c1': 1565}",0.7304050145347605,0.7304050145347605,0.7304050145347605,0.7240030254326104,0.7304050145347605,0.2428782684165998,0.2428782684165998,0.2428782684165998,0.2599201662377528,0.2428782684165998,0.24112302537225502,c3,Progressive,0.046448497266385586,True
23,4,1,1000,5,1.5,83.1,c0,c0,c0,c3,c0,"{'c3': 2254, 'c0': 2252, 'c4': 1165, 'c2': 1074, 'c1': 1565}",0.7304050145347605,0.7304050145347605,0.7304050145347605,0.7240030254326104,0.7304050145347605,0.2428782684165998,0.2428782684165998,0.2428782684165998,0.2599201662377528,0.2428782684165998,0.24112302537225502,c4,Conservative,0.7264740975637795,True
23,4,1,1000,5,1.5,83.1,c0,c0,c0,c3,c0,"{'c3': 2254, 'c0': 2252, 'c4': 1165, 'c2': 1074, 'c1': 1565}",0.7304050145347605,0.7304050145347605,0.7304050145347605,0.7240030254326104,0.7304050145347605,0.2428782684165998,0.2428782684165998,0.2428782684165998,0.2599201662377528,0.2428782684165998,0.24112302537225502,c1,Progressive,0.11131017472593607,True
23,4,1,1000,5,1.5,83.1,c0,c0,c0,c3,c0,"{'c3': 2254, 'c0': 2252, 'c4': 1165, 'c2': 1074, 'c1': 1565}",0.7304050145347605,0.7304050145347605,0.7304050145347605,0.7240030254326104,0.7304050145347605,0.2428782684165998,0.2428782684165998,0.2428782684165998,0.2599201662377528,0.2428782684165998,0.24112302537225502,c2,Progressive,0.1504474751103091,True
24,4,1,1000,5,2.0,83.39999999999999,c4,c4,c4,c4,c4,"{'c4': 2430, 'c1': 2039, 'c3': 1822, 'c2': 1598, 'c0': 451}",0.759740610303087,0.759740610303087,0.759740610303087,0.759740610303087,0.759740610303087,0.19428203958195633,0.19428203958195633,0.19428203958195633,0.19428203958195633,0.19428203958195633,0.32764260663964545,c3,Liberal,0.05109036655818482,True
24,4,1,1000,5,2.0,83.39999999999999,c4,c4,c4,c4,c4,"{'c4': 2430, 'c1': 2039, 'c3': 1822, 'c2': 1598, 'c0': 451}",0.759740610303087,0.759740610303087,0.759740610303087,0.759740610303087,0.759740610303087,0.19428203958195633,0.19428203958195633,0.19428203958195633,0.19428203958195633,0.19428203958195633,0.32764260663964545,c2,Liberal,0.05131404024970339,True
24,4,1,1000,5,2.0,83.39999999999999,c4,c4,c4,c4,c4,"{'c4': 2430, 'c1': 2039, 'c3': 1822, 'c2': 1598, 'c0': 451}",0.759740610303087,0.759740610303087,0.759740610303087,0.759740610303087,0.759740610303087,0.19428203958195633,0.19428203958195633,0.19428203958195633,0.19428203958195633,0.19428203958195633,0.32764260663964545,c4,Liberal,0.08730664745683413,True
24,4,1,1000,5,2.0,83.39999999999999,c4,c4,c4,c4,c4,"{'c4': 2430, 'c1': 2039, 'c3': 1822, 'c2': 1598, 'c0': 451}",0.759740610303087,0.759740610303087,0.759740610303087,0.759740610303087,0.759740610303087,0.19428203958195633,0.19428203958195633,0.19428203958195633,0.19428203958195633,0.19428203958195633,0.32764260663964545,c0,Progressive,0.1884878710662924,True
24,4,1,1000,5,2.0,83.39999999999999,c4,c4,c4,c4,c4,"{'c4': 2430, 'c1': 2039, 'c3': 1822, 'c2': 1598, 'c0': 451}",0.759740610303087,0.759740610303087,0.759740610303087,0.759740610303087,0.759740610303087,0.19428203958195633,0.19428203958195633,0.19428203958195633,0.19428203958195633,0.19428203958195633,0.32764260663964545,c1,Populist,0.5901682547860796,True
